{
  "CLAUDE.md": 1776256450.8121018,
  "Docs\\implementation-log.md": 1776255982.0970433,
  "Docs\\Context\\developer-context.md": 1776255551.2661436
}